fission_total_mean,fission_total_std,heating_total_mean,heating_total_std
0.572009838551421,0.00036815653246028123,102713259.52736923,64479.06158502988
