fission_total_mean,fission_total_std,heating_total_mean,heating_total_std
0.5709641913358755,0.00030504780889655214,102526930.01549998,53598.48500810967
