fission_total_mean,fission_total_std,heating_total_mean,heating_total_std
0.5723193626462936,0.00032360034960213685,102770195.34304418,56772.805276265055
