fission_total_mean,fission_total_std,heating_total_mean,heating_total_std
0.5716945135740923,0.00030086305098868583,102655730.5815132,52924.96216916546
