fission_total_mean,fission_total_std,heating_total_mean,heating_total_std
0.5716718934102288,0.00031848816627857323,102655898.77931769,55817.5519570772
