fission_total,heating_total
0.5721573729374756,100769836.51180565
