fission_total_mean,fission_total_std,heating_total_mean,heating_total_std
0.5715561043576372,0.00034961146538349064,102632611.70829792,61577.623463952834
