fission_total_mean,fission_total_std,heating_total_mean,heating_total_std
0.5718870359994049,0.00033617495725804205,102695163.37704042,59282.33498536015
