fission_total_mean,fission_total_std,heating_total_mean,heating_total_std
0.572292902487912,0.00034959241036449816,102765064.9538646,61593.804316483125
