fission_total_mean,fission_total_std,heating_total_mean,heating_total_std
0.5719387828902748,0.00030983948574777876,102700042.48156622,54657.01323277819
