fission_total,heating_total
0.5717191056923607,100690973.99343714
