fission_total_mean,fission_total_std,heating_total_mean,heating_total_std
0.5711369016963274,0.00031051008289790643,102556221.56910244,54594.46168252841
