fission_total_mean,fission_total_std,heating_total_mean,heating_total_std
0.571129588425804,0.0003161112695207702,102558207.89322089,55591.667447513544
