fission_total_mean,fission_total_std,heating_total_mean,heating_total_std
0.5717755523235395,0.00033571011502880774,102671910.67839497,59215.55618311754
