fission_total,heating_total
0.5717606060075207,100698243.39986502
