fission_total,heating_total
0.5712983902316833,100616937.3915928
