fission_total_mean,fission_total_std,heating_total_mean,heating_total_std
0.572133851278031,0.00034656686585488955,102737354.15859222,61086.97420994579
