fission_total,heating_total
0.5715583640926613,100662703.93347134
