fission_total_mean,fission_total_std,heating_total_mean,heating_total_std
0.5721268382003712,0.0003339431188395191,102734475.52899195,58765.650387305664
