fission_total_mean,fission_total_std,heating_total_mean,heating_total_std
0.5722376885145405,0.00031142003372575697,102754837.94290186,54782.12969434559
