fission_total_mean,fission_total_std,heating_total_mean,heating_total_std
0.572149403957298,0.00039796564900288433,102737824.99330178,69994.02691098141
