fission_total_mean,fission_total_std,heating_total_mean,heating_total_std
0.5721964101515363,0.0003069152792345974,102748566.63125774,54132.16336506678
