fission_total_mean,fission_total_std,heating_total_mean,heating_total_std
0.5716494350379269,0.0003204396809545924,102650459.1203537,56247.23944347168
