fission_total_mean,fission_total_std,heating_total_mean,heating_total_std
0.571997656926383,0.0003745172348474218,102720219.17565809,66107.59588386424
