fission_total_mean,fission_total_std,heating_total_mean,heating_total_std
0.5716421589835483,0.0003507294394291122,102650340.42120758,61426.30555306687
