fission_total,heating_total
0.5715246261583462,100656920.00599891
