fission_total,heating_total
0.5723380298918258,100799816.52456547
