fission_total_mean,fission_total_std,heating_total_mean,heating_total_std
0.571795971778194,0.00034291398199257344,102676335.45790379,60424.66696660658
