fission_total_mean,fission_total_std,heating_total_mean,heating_total_std
0.5714967047364977,0.000347987158141716,102624826.3522,61302.28928510694
