fission_total_mean,fission_total_std,heating_total_mean,heating_total_std
0.571810812792112,0.0003076889820339782,102681308.10599281,53866.704630005006
