fission_total_mean,fission_total_std,heating_total_mean,heating_total_std
0.5724851523781194,0.0002961732227758054,102795473.93552731,52047.985511911036
