fission_total_mean,fission_total_std,heating_total_mean,heating_total_std
0.5715172426387837,0.0003508944803899629,102628492.14031276,61808.847156251104
