fission_total,heating_total
0.5717753689933418,100702452.55731954
