fission_total,heating_total
0.5716041913359451,100671250.88346326
