fission_total_mean,fission_total_std,heating_total_mean,heating_total_std
0.5721338512780311,0.00034656686584779323,102737354.15859126,61086.974210981876
