fission_total_mean,fission_total_std,heating_total_mean,heating_total_std
0.5716181774177611,0.0003452536984137815,102647388.75204176,60683.181237796365
