fission_total,heating_total
0.5715583464300664,100664962.19843161
