fission_total_mean,fission_total_std,heating_total_mean,heating_total_std
0.5720504802529385,0.0003207454785686597,102722746.805495,56328.897010147
