fission_total_mean,fission_total_std,heating_total_mean,heating_total_std
0.5717626099804682,0.00030972717095450265,102672457.44157049,54607.25667569805
