fission_total,heating_total
0.5714831612140147,100650207.35257223
