fission_total,heating_total
0.5721510280573416,100767020.30548546
