fission_total,heating_total
0.5717310445118029,100693141.68313268
