fission_total_mean,fission_total_std,heating_total_mean,heating_total_std
0.5719624837237958,0.0002775510886074377,102705447.3786617,48487.924094214344
