fission_total_mean,fission_total_std,heating_total_mean,heating_total_std
0.5719822962674688,0.00033009596134035485,102708887.46631235,58146.19671552915
