fission_total_mean,fission_total_std,heating_total_mean,heating_total_std
0.5720518443534198,0.0003502792109375453,102717723.3115547,61461.0877527142
