fission_total_mean,fission_total_std,heating_total_mean,heating_total_std
0.5715358547859095,0.0002984833927788868,102626622.8016353,52402.00782122955
