fission_total_mean,fission_total_std,heating_total_mean,heating_total_std
0.5714676923831512,0.0003200821382126266,102613547.26228797,56205.97308363659
