fission_total_mean,fission_total_std,heating_total_mean,heating_total_std
0.5725571299358835,0.00032723276629679376,102812861.872481,57379.076939290884
