fission_total_mean,fission_total_std,heating_total_mean,heating_total_std
0.5718678172476391,0.00030984721683186483,102687869.51255995,54682.62855649956
