fission_total_mean,fission_total_std,heating_total_mean,heating_total_std
0.5718863916084146,0.0003405144811012671,102691930.60028578,59830.97946271943
