fission_total,heating_total
0.5723568954834013,100803857.9995243
