fission_total_mean,fission_total_std,heating_total_mean,heating_total_std
0.5715720165273077,0.000339216671408142,102633645.85946985,59813.889765979184
