fission_total,heating_total
0.5722671980694106,100788563.51060367
