fission_total_mean,fission_total_std,heating_total_mean,heating_total_std
0.5714525211528538,0.00034065281404418416,102613742.7458364,59725.238602720536
