fission_total_mean,fission_total_std,heating_total_mean,heating_total_std
0.5722186365176956,0.00031416386706495814,102750423.80582067,55208.40477084782
