fission_total_mean,fission_total_std,heating_total_mean,heating_total_std
0.5719365974881399,0.00032936592963212006,102701891.49925624,58023.014471234725
