fission_total_mean,fission_total_std,heating_total_mean,heating_total_std
0.5715979693173132,0.00038410963659885934,102639753.62085101,67686.20566512627
