fission_total_mean,fission_total_std,heating_total_mean,heating_total_std
0.5719822962674683,0.00033009596134567654,102708887.46631125,58146.19671400527
