fission_total_mean,fission_total_std,heating_total_mean,heating_total_std
0.5719106610460718,0.000373963988442986,102695684.48541023,65928.30925302139
