fission_total_mean,fission_total_std,heating_total_mean,heating_total_std
0.5717951334639189,0.000352796431871437,102676352.88068141,62150.24605855749
