fission_total,heating_total
0.5722214579276937,100779379.27782649
