fission_total_mean,fission_total_std,heating_total_mean,heating_total_std
0.5719920091102311,0.00034599735428571796,102711491.3515162,60861.389154559925
