fission_total,heating_total
0.5725846678742406,100844240.03437677
