fission_total_mean,fission_total_std,heating_total_mean,heating_total_std
0.5718407110854467,0.0002862533230067927,102684128.42913531,50339.896001511945
