fission_total_mean,fission_total_std,heating_total_mean,heating_total_std
0.5717366733574256,0.00033752784072861136,102664692.87266965,59487.58116668798
