fission_total_mean,fission_total_std,heating_total_mean,heating_total_std
0.5719774207307016,0.00030096307644636314,102704720.01197925,53067.391625643024
