fission_total_mean,fission_total_std,heating_total_mean,heating_total_std
0.5718451865056978,0.00031495237912080367,102684042.85747097,55283.262599049864
