fission_total_mean,fission_total_std,heating_total_mean,heating_total_std
0.571687247284833,0.00029605729670362365,102656580.04737458,51937.14591160201
