fission_total_mean,fission_total_std,heating_total_mean,heating_total_std
0.5718280954638022,0.00034496735536829263,102678023.92097577,60694.64023528881
