fission_total_mean,fission_total_std,heating_total_mean,heating_total_std
0.5716421589835484,0.0003507294394271088,102650340.42120753,61426.3055528608
