fission_total_mean,fission_total_std,heating_total_mean,heating_total_std
0.572083442972964,0.0003541286549559308,102727624.29368608,62209.3286117855
