fission_total_mean,fission_total_std,heating_total_mean,heating_total_std
0.5716588801828884,0.0003507299055851235,102655515.47343107,61793.05576732139
