fission_total_mean,fission_total_std,heating_total_mean,heating_total_std
0.5721365198990791,0.0003339678120009193,102739181.45253807,58767.81626607836
