fission_total_mean,fission_total_std,heating_total_mean,heating_total_std
0.5725571299358847,0.0003272327663000147,102812861.87248173,57379.076937746635
