fission_total_mean,fission_total_std,heating_total_mean,heating_total_std
0.5715720165273078,0.00033921667140917775,102633645.85947067,59813.88976640243
