fission_total_mean,fission_total_std,heating_total_mean,heating_total_std
0.5722924773607012,0.0003343813457116089,102763545.15871808,58811.97526186764
