fission_total_mean,fission_total_std,heating_total_mean,heating_total_std
0.5722548433246201,0.0003653857879023407,102757726.42884909,64250.83916607085
