fission_total_mean,fission_total_std,heating_total_mean,heating_total_std
0.5718407110854468,0.00028625332301538423,102684128.42913504,50339.89600201485
