fission_total,heating_total
0.57182049755369,100709148.1007306
