fission_total,heating_total
0.5713273249166455,100621731.17814967
