fission_total_mean,fission_total_std,heating_total_mean,heating_total_std
0.5719053890043649,0.00032757794978338737,102696665.71099694,57611.6025390192
