fission_total,heating_total
0.5724868890657382,100826992.47979745
