fission_total,heating_total
0.572106545109486,100759387.86437744
