fission_total_mean,fission_total_std,heating_total_mean,heating_total_std
0.5719565834760544,0.00029087829917573204,102703715.36113273,51192.73119904795
