fission_total_mean,fission_total_std,heating_total_mean,heating_total_std
0.5718974368075098,0.00030905270212983375,102692419.18339291,54428.10794693808
