fission_total_mean,fission_total_std,heating_total_mean,heating_total_std
0.5721442299313013,0.00030024195132826603,102739703.32962902,53003.37201644744
