fission_total_mean,fission_total_std,heating_total_mean,heating_total_std
0.5717420421281664,0.00032856212841237445,102666432.008132,57893.149630826054
