fission_total,heating_total
0.5722158249148575,100778568.13258061
