fission_total,heating_total
0.5707203979569706,100516446.21152323
