fission_total_mean,fission_total_std,heating_total_mean,heating_total_std
0.5718539898562107,0.0002888125882982597,102684436.59923172,50747.10398401119
