fission_total,heating_total
0.5718313060692212,100710987.52450557
