fission_total_mean,fission_total_std,heating_total_mean,heating_total_std
0.5719822962674683,0.0003300959613382261,102708887.46631196,58146.19671465836
