fission_total,heating_total
0.5715570010594697,100663214.39656986
