fission_total_mean,fission_total_std,heating_total_mean,heating_total_std
0.5721286914804335,0.00031419313142342693,102734655.53503999,55142.715181103515
