fission_total_mean,fission_total_std,heating_total_mean,heating_total_std
0.5708932604666865,0.0003138572553384528,102515201.86525917,54977.831350693676
