fission_total_mean,fission_total_std,heating_total_mean,heating_total_std
0.5725926169034785,0.0003801967349216622,102821130.79298368,66935.75799586505
