fission_total_mean,fission_total_std,heating_total_mean,heating_total_std
0.5719269858925077,0.00035714516566389554,102697852.63981813,62786.780060612655
