fission_total,heating_total
0.5722796519891784,100790439.38644913
