fission_total_mean,fission_total_std,heating_total_mean,heating_total_std
0.5718863916084151,0.00034051448110436244,102691930.60028562,59830.979463565694
