fission_total_mean,fission_total_std,heating_total_mean,heating_total_std
0.5716421589835478,0.0003507294394381278,102650340.42120841,61426.30555368509
