fission_total_mean,fission_total_std,heating_total_mean,heating_total_std
0.5717420421281665,0.0003285621284134438,102666432.00813225,57893.149631044704
