fission_total_mean,fission_total_std,heating_total_mean,heating_total_std
0.5717959717781944,0.00034291398198642607,102676335.45790368,60424.66696681607
