fission_total,heating_total
0.5706053314542767,100494801.01398408
