fission_total,heating_total
0.5720800397160215,100755323.86521499
