fission_total,heating_total
0.5719377774144665,100730369.22884665
