fission_total_mean,fission_total_std,heating_total_mean,heating_total_std
0.5716718934102286,0.0003184881662796764,102655898.77931765,55817.55195775753
