fission_total_mean,fission_total_std,heating_total_mean,heating_total_std
0.5716659382136421,0.0002811247770473365,102652552.80746813,49341.39648729509
