fission_total_mean,fission_total_std,heating_total_mean,heating_total_std
0.5721494039572972,0.00039796564900729844,102737824.99330156,69994.02691152395
