fission_total,heating_total
0.5714288018826345,100640027.48974058
