fission_total_mean,fission_total_std,heating_total_mean,heating_total_std
0.571658880182888,0.00035072990558712697,102655515.47343077,61793.05576752624
