fission_total_mean,fission_total_std,heating_total_mean,heating_total_std
0.5718407110854479,0.00028625332300188325,102684128.42913489,50339.89600327213
