fission_total_mean,fission_total_std,heating_total_mean,heating_total_std
0.5720591733331888,0.0003137290981991279,102722073.30039993,55239.183652202875
