fission_total_mean,fission_total_std,heating_total_mean,heating_total_std
0.5718344796373696,0.00031973687673957416,102682043.61344574,56155.695242802685
