fission_total_mean,fission_total_std,heating_total_mean,heating_total_std
0.5722263761063872,0.0003368407098264698,102750294.10427664,59300.67471343268
