fission_total_mean,fission_total_std,heating_total_mean,heating_total_std
0.5713512067356459,0.00034330509808118344,102599167.6321471,60365.30831277351
