fission_total_mean,fission_total_std,heating_total_mean,heating_total_std
0.5719187087398186,0.0003303755156188228,102696880.37339142,58004.84959190719
