fission_total_mean,fission_total_std,heating_total_mean,heating_total_std
0.5717380073760225,0.00034315025149837125,102667773.4333277,60320.64294536135
