fission_total,heating_total
0.5718981033185297,100723694.07273895
