fission_total_mean,fission_total_std,heating_total_mean,heating_total_std
0.5715720165273088,0.0003392166714029634,102633645.85947096,59813.88976555593
