fission_total_mean,fission_total_std,heating_total_mean,heating_total_std
0.572287871776503,0.0002925076391863577,102766467.70063314,51341.79268960404
