fission_total_mean,fission_total_std,heating_total_mean,heating_total_std
0.5722878717765035,0.00029250763918275437,102766467.70063272,51341.79269157642
