fission_total_mean,fission_total_std,heating_total_mean,heating_total_std
0.5718232622472662,0.0003521640793027415,102679922.69051416,61972.169275276654
