fission_total_mean,fission_total_std,heating_total_mean,heating_total_std
0.5718247587946685,0.0003723912589135705,102680738.15949754,65624.26207864808
