fission_total_mean,fission_total_std,heating_total_mean,heating_total_std
0.5716271130545414,0.00027912015416949287,102646509.181956,49146.20097014369
