fission_total_mean,fission_total_std,heating_total_mean,heating_total_std
0.5721277955772913,0.0003166285483662066,102733160.00044277,55641.77264282153
