fission_total,heating_total
0.5713044680403844,100618150.37343183
