fission_total_mean,fission_total_std,heating_total_mean,heating_total_std
0.5720911516569226,0.0003364660688363378,102728101.80728023,58941.043213927485
