fission_total_mean,fission_total_std,heating_total_mean,heating_total_std
0.5721816283299693,0.00034268185422615266,102746354.4319908,60205.41190737514
