fission_total,heating_total
0.5721436502701963,100765302.24275264
