fission_total,heating_total
0.5721067342231131,100759505.75176966
