fission_total_mean,fission_total_std,heating_total_mean,heating_total_std
0.5718440618654178,0.0003367164436393661,102684454.40165836,59358.716822043025
