fission_total,heating_total
0.5724827702669324,100825540.66376716
