fission_total_mean,fission_total_std,heating_total_mean,heating_total_std
0.572133851278031,0.000346566865848807,102737354.15859243,61086.974210360226
