fission_total_mean,fission_total_std,heating_total_mean,heating_total_std
0.5713512067356451,0.00034330509809039396,102599167.63214643,60365.30831340259
