fission_total_mean,fission_total_std,heating_total_mean,heating_total_std
0.5712873522961012,0.00030629368169815774,102584361.13702692,53903.739694743366
