fission_total,heating_total
0.5733124984956748,100972294.618579
