fission_total_mean,fission_total_std,heating_total_mean,heating_total_std
0.5721941332126977,0.00032078214340304495,102746607.83427508,56239.3913367139
