fission_total_mean,fission_total_std,heating_total_mean,heating_total_std
0.5721848625539221,0.0003232860825666883,102746930.6090232,56988.34139038411
