fission_total_mean,fission_total_std,heating_total_mean,heating_total_std
0.5710807937520715,0.00034978921479042474,102546338.28922698,61397.14638502932
