fission_total_mean,fission_total_std,heating_total_mean,heating_total_std
0.5713512067356459,0.0003433050980832302,102599167.63214734,60365.3083129832
