fission_total_mean,fission_total_std,heating_total_mean,heating_total_std
0.5717023443759669,0.0002809336692506019,102661204.59815744,49458.65398741853
