fission_total_mean,fission_total_std,heating_total_mean,heating_total_std
0.5716771603853317,0.0002994715837380159,102655258.4170867,52560.43407933001
