fission_total_mean,fission_total_std,heating_total_mean,heating_total_std
0.5719927709660588,0.0003081052664134198,102712318.09542535,54150.82279080668
