fission_total,heating_total
0.5722737753488502,100789925.40976402
