fission_total_mean,fission_total_std,heating_total_mean,heating_total_std
0.572345070972798,0.00034313050030376264,102774236.23946457,60471.04685338517
