fission_total_mean,fission_total_std,heating_total_mean,heating_total_std
0.5717618865990962,0.00036816523462099125,102670144.19084197,64919.452436719956
