fission_total_mean,fission_total_std,heating_total_mean,heating_total_std
0.5720518443534199,0.00035027921094356345,102717723.31155467,61461.08775312611
