fission_total,heating_total
0.5714328248339714,100640697.84487016
