fission_total_mean,fission_total_std,heating_total_mean,heating_total_std
0.5720805885274445,0.0003990150633197015,102724259.5838107,69867.1241204385
