fission_total_mean,fission_total_std,heating_total_mean,heating_total_std
0.5718870359994058,0.0003361749572538617,102695163.37704125,59282.33498642777
