fission_total_mean,fission_total_std,heating_total_mean,heating_total_std
0.5721268382003706,0.00033394311884477946,102734475.52899213,58765.650385797846
