fission_total_mean,fission_total_std,heating_total_mean,heating_total_std
0.5717951334639174,0.00035279643187442457,102676352.88068113,62150.24605733546
