fission_total_mean,fission_total_std,heating_total_mean,heating_total_std
0.5721885639662416,0.00033838873231985386,102747022.45876312,59255.64791582361
