fission_total_mean,fission_total_std,heating_total_mean,heating_total_std
0.5718870359994047,0.00033617495725908717,102695163.37704109,59282.33498664129
