fission_total_mean,fission_total_std,heating_total_mean,heating_total_std
0.5714980145971202,0.00032519239466884185,102619848.37146188,57203.34078652436
