fission_total_mean,fission_total_std,heating_total_mean,heating_total_std
0.571733284874223,0.00029819237840131844,102666090.04159711,52388.4395438793
