fission_total,heating_total
0.5717977378203831,100705224.9498291
