fission_total,heating_total
0.5740248462392363,101097578.37510216
