fission_total_mean,fission_total_std,heating_total_mean,heating_total_std
0.5721206008584556,0.0003127771747022235,102734313.74389884,55236.274723836046
