fission_total,heating_total
0.5716275869348659,100675059.28022432
