fission_total_mean,fission_total_std,heating_total_mean,heating_total_std
0.5718373054842668,0.0003535911332203802,102682483.55051744,61983.553895594676
