fission_total_mean,fission_total_std,heating_total_mean,heating_total_std
0.5721015142683049,0.00030837815673848254,102731113.7042111,54269.062681504955
