fission_total_mean,fission_total_std,heating_total_mean,heating_total_std
0.5720842968976143,0.0003278392893034044,102723798.40857697,57764.28873655856
