fission_total_mean,fission_total_std,heating_total_mean,heating_total_std
0.572608652054306,0.00037759279660181056,102821365.14840701,66322.36411343413
