fission_total_mean,fission_total_std,heating_total_mean,heating_total_std
0.5715676391578787,0.0003352953421274611,102635580.29631932,59004.96403918761
