fission_total,heating_total
0.5713621521640435,100628381.77955794
