ensemble_size,fission_std
N = 5,0.00027648514589896276
N = 10,0.00034294667897467407
N = 20,0.0007722632603700475
N = 30,0.0006709184716189339
