ensemble_size,fission_std
M = 5,6.7092368206169e-05
M = 10,9.680447270170928e-05
M = 20,9.612773879323817e-05
