Mean value,Std ensemble,Relative std,Mean time,FoM
0.5720076109295192,0.0006709184716189339,0.001172918784294991,29.08881367423334,24988.38030900117
