fission_total_mean,fission_total_std,heating_total_mean,heating_total_std
0.5718369533320808,0.00032709544029936393,102685000.07643028,57496.556936211295
