fission_total_mean,fission_total_std,heating_total_mean,heating_total_std
0.5716819475166157,0.0003523904881857455,102655907.64933805,61897.806278176235
