fission_total,heating_total
0.5723022390306833,100794106.77451715
