fission_total,heating_total
0.5721039860180179,100759055.95542149
