fission_total,heating_total
0.571333914265109,100623345.8492074
