fission_total_mean,fission_total_std,heating_total_mean,heating_total_std
0.5711710044376466,0.00035129626122904796,102566478.58386953,61602.73985687177
