fission_total_mean,fission_total_std,heating_total_mean,heating_total_std
0.5720028658827409,0.00034643235291827125,102714077.8252205,60837.06068204134
