fission_total_mean,fission_total_std,heating_total_mean,heating_total_std
0.5713322556565386,0.00032108951733793273,102592956.9358483,56484.63207217618
