fission_total_mean,fission_total_std,heating_total_mean,heating_total_std
0.5722236534255905,0.0002923305225479958,102753013.18064603,51073.779807478364
