fission_total_mean,fission_total_std,heating_total_mean,heating_total_std
0.5718591487126464,0.00030330111363999207,102690784.69210377,53315.36843198192
