fission_total_mean,fission_total_std,heating_total_mean,heating_total_std
0.5721850157236276,0.0003425102979047979,102746483.81816587,60002.44576470892
