fission_total_mean,fission_total_std,heating_total_mean,heating_total_std
0.571690926300379,0.0003568369808990056,102655152.16032356,62670.101218073236
