fission_total,heating_total
0.57187197914164,100717810.3709546
