fission_total_mean,fission_total_std,heating_total_mean,heating_total_std
0.5719335219459387,0.0003551483568360757,102701689.94989347,62448.976885742086
