fission_total_mean,fission_total_std,heating_total_mean,heating_total_std
0.5725571299358846,0.000327232766302162,102812861.87248096,57379.07693884967
