fission_total_mean,fission_total_std,heating_total_mean,heating_total_std
0.5717947764069372,0.00036162132664002065,102676525.1766195,63381.09298660931
