fission_total_mean,fission_total_std,heating_total_mean,heating_total_std
0.5714525211528539,0.00034065281404624685,102613742.74583618,59725.23860187277
