fission_total_mean,fission_total_std,heating_total_mean,heating_total_std
0.5715054755727185,0.0003512890531346067,102624535.85540059,61751.906420425286
