fission_total_mean,fission_total_std,heating_total_mean,heating_total_std
0.5716588801828879,0.0003507299055891304,102655515.47343084,61793.05576732139
