fission_total,heating_total
0.5720968555263842,100757194.05429566
