fission_total_mean,fission_total_std,heating_total_mean,heating_total_std
0.5713514549397729,0.00034428709100543667,102599645.70594484,60491.33061497011
