fission_total_mean,fission_total_std,heating_total_mean,heating_total_std
0.5720328740538914,0.0003317599269899137,102718416.93385223,58397.33572104515
