fission_total,heating_total
0.572546520244612,100836426.40190595
