fission_total_mean,fission_total_std,heating_total_mean,heating_total_std
0.5714709521642021,0.00027589826034556754,102618955.12779102,48600.88598192268
