fission_total_mean,fission_total_std,heating_total_mean,heating_total_std
0.5721458803415734,0.0003284469514262854,102739375.79074416,57499.466996538984
