fission_total_mean,fission_total_std,heating_total_mean,heating_total_std
0.5714142976510962,0.0003417647700662247,102604957.20788893,60064.03095747703
