fission_total_mean,fission_total_std,heating_total_mean,heating_total_std
0.5714007619568862,0.00032271210489402436,102607143.22498839,56613.95314481708
