fission_total,heating_total
0.5718227024190037,100709211.19853947
