fission_total_mean,fission_total_std,heating_total_mean,heating_total_std
0.5718863916084148,0.00034051448110333066,102691930.60028645,59830.97946271943
