fission_total_mean,fission_total_std,heating_total_mean,heating_total_std
0.5722878717765039,0.0002925076391779499,102766467.70063348,51341.79269083678
