fission_total_mean,fission_total_std,heating_total_mean,heating_total_std
0.5718115659241276,0.0003240282096522901,102678821.72025704,56986.05713464311
