fission_total_mean,fission_total_std,heating_total_mean,heating_total_std
0.5715180318351986,0.0003066273286210634,102625575.82079485,53922.31018289808
