fission_total_mean,fission_total_std,heating_total_mean,heating_total_std
0.5717951334639185,0.00035279643186745353,102676352.88068126,62150.24605753913
