fission_total_mean,fission_total_std,heating_total_mean,heating_total_std
0.5713519945125123,0.00029125207499902515,102596056.12271997,51166.32412419347
