fission_total_mean,fission_total_std,heating_total_mean,heating_total_std
0.5721494039572979,0.00039796564900376714,102737824.9933019,69994.02691206649
