fission_total,heating_total
0.5718021732474089,100707020.17814761
